INSERT INTO Jobs (Job_ID, Staff_Job, Staff_Salary) VALUES ("J10", "Admin", 25000);
INSERT INTO Jobs (Job_ID, Staff_Job, Staff_Salary) VALUES ("J15", "Receptionist", 22000);
INSERT INTO Jobs (Job_ID, Staff_Job, Staff_Salary) VALUES ("J20", "Doctor", 45000);

INSERT INTO Staff(Staff_ID,Job_ID,Staff_FName,Staff_LName,Password) VALUES ("H1111","J10","Alfredo","Craig","Craig1111");
INSERT INTO Staff(Staff_ID,Job_ID,Staff_FName,Staff_LName,Password) VALUES ("H1113","J15","Jimmy","Hodges","Hodges1113");
INSERT INTO Staff(Staff_ID,Job_ID,Staff_FName,Staff_LName,Password) VALUES ("H1114","J10","Luther","Robbins","Robbins1114");
INSERT INTO Staff(Staff_ID,Job_ID,Staff_FName,Staff_LName,Password) VALUES ("H1115","J15","Adam","Folse","Folse1115");
INSERT INTO Staff(Staff_ID,Job_ID,Staff_FName,Staff_LName,Password) VALUES ("H1116","J20","Ellis","Garnett","Garnett1116");
INSERT INTO Staff(Staff_ID,Job_ID,Staff_FName,Staff_LName,Password) VALUES ("H1117","J10","Lettie","Tanaka","Tanaka1117");
INSERT INTO Staff(Staff_ID,Job_ID,Staff_FName,Staff_LName,Password) VALUES ("H1118","J20","Denise","Dennis","Dennis1118");
INSERT INTO Staff(Staff_ID,Job_ID,Staff_FName,Staff_LName,Password) VALUES ("H1119","J20","Yuette","Peeples","Peeples1119");
INSERT INTO Staff(Staff_ID,Job_ID,Staff_FName,Staff_LName,Password) VALUES ("H1120","J15","Bessie","Barrett","Barrett1120");
INSERT INTO Staff(Staff_ID,Job_ID,Staff_FName,Staff_LName,Password) VALUES ("H1121","J15","Mindy","Day","Day1121");
INSERT INTO Staff(Staff_ID,Job_ID,Staff_FName,Staff_LName,Password) VALUES ("H1122","J20","Hee","Hebert","Hebert1122");

INSERT INTO Patients(Patient_ID, Patient_FName, Patient_MName, Patient_LName, Patient_Sex, Patient_DOB, Patient_Email, Patient_TeleNO) VALUES ("P11112","Callum","Oli","Moore","M","30/06/1977","C.Moore@gmail.com","070 7581 3804");
INSERT INTO Patients(Patient_ID, Patient_FName, Patient_MName, Patient_LName, Patient_Sex, Patient_DOB, Patient_Email, Patient_TeleNO) VALUES ("P11116","Devon","Eve","Todd","F","21/10/2004","D.Todd@gmail.com","079 7682 0690");
INSERT INTO Patients(Patient_ID, Patient_FName, Patient_MName, Patient_LName, Patient_Sex, Patient_DOB, Patient_Email, Patient_TeleNO) VALUES ("P11118","Andrew","James","Stevenson","M","18/06/1999","A.Steveson@gmail.com","078 7195 2335");
INSERT INTO Patients(Patient_ID, Patient_FName, Patient_MName, Patient_LName, Patient_Sex, Patient_DOB, Patient_Email, Patient_TeleNO) VALUES ("P11119","Sally","Rose","Stevenson","F","09/03/2002","S.Steveson@gmail.com","077 7788 5348");
INSERT INTO Patients(Patient_ID, Patient_FName, Patient_MName, Patient_LName, Patient_Sex, Patient_DOB, Patient_Email, Patient_TeleNO) VALUES ("P11121","Rachel","Elizabeth","Stevenson","F","28/12/2023","R.Stevenson@gmail.com","077 6228 6304");
INSERT INTO Patients(Patient_ID, Patient_FName, Patient_MName, Patient_LName, Patient_Sex, Patient_DOB, Patient_Email, Patient_TeleNO) VALUES ("P11123","Marvin","Russ","Thorpe","M","25/11/2012","M.Thorpe@gmail.com","077 2540 4747");
INSERT INTO Patients(Patient_ID, Patient_FName, Patient_MName, Patient_LName, Patient_Sex, Patient_DOB, Patient_Email, Patient_TeleNO) VALUES ("P11128","Gwen","Ann","Roots","F","30/07/1997","G.Roots@gmail.com","078 6670 8741");
INSERT INTO Patients(Patient_ID, Patient_FName, Patient_MName, Patient_LName, Patient_Sex, Patient_DOB, Patient_Email, Patient_TeleNO) VALUES ("P11129","Christopher","James","Frankins","M","09/09/2005","C.Frankins@gmail.com","070 7254 5371");
INSERT INTO Patients(Patient_ID, Patient_FName, Patient_MName, Patient_LName, Patient_Sex, Patient_DOB, Patient_Email, Patient_TeleNO) VALUES ("P11132","Brent","Carlos","Romero","M","07/04/1987","B.Romero@gmail.com","077 6240 6590");
INSERT INTO Patients(Patient_ID, Patient_FName, Patient_MName, Patient_LName, Patient_Sex, Patient_DOB, Patient_Email, Patient_TeleNO) VALUES ("P11134","Joan","Hudson","Clarke","F","19/10/2008","J.Clarke@gmail.com","070 1804 9985");
INSERT INTO Patients(Patient_ID, Patient_FName, Patient_MName, Patient_LName, Patient_Sex, Patient_DOB, Patient_Email, Patient_TeleNO) VALUES ("P11140","Frances","Vance","Fernandes","M","07/10/1995","F.Fernandes@gmail.com","079 8213 7211");
INSERT INTO Patients(Patient_ID, Patient_FName, Patient_MName, Patient_LName, Patient_Sex, Patient_DOB, Patient_Email, Patient_TeleNO) VALUES ("P11142","Nana","Baker","Doe","F","16/03/1989","N.Doe@gmail.com","078 3620 6784");
INSERT INTO Patients(Patient_ID, Patient_FName, Patient_MName, Patient_LName, Patient_Sex, Patient_DOB, Patient_Email, Patient_TeleNO) VALUES ("P11143","Keith","Louis","Mckeever","M","01/09/1987","K.Mckeever@gmail.com","079 5597 3478");
INSERT INTO Patients(Patient_ID, Patient_FName, Patient_MName, Patient_LName, Patient_Sex, Patient_DOB, Patient_Email, Patient_TeleNO) VALUES ("P11144","Bobbye","Craig","Scarbrough","F","24/08/2021","B.Scarbrough@gmail.com","077 4599 0197");
INSERT INTO Patients(Patient_ID, Patient_FName, Patient_MName, Patient_LName, Patient_Sex, Patient_DOB, Patient_Email, Patient_TeleNO) VALUES ("P11151","Tammie","Kelly","Roby","F","18/09/1959","T.Roby@gmail.com","075 2353 8423");
INSERT INTO Patients(Patient_ID, Patient_FName, Patient_LName, Patient_Sex, Patient_DOB, Patient_Email, Patient_TeleNO) VALUES ("P11111","Annie","Jenkins","F","05/10/1958","A.Jenkins@gmail.com","079 7215 8526");
INSERT INTO Patients(Patient_ID, Patient_FName, Patient_LName, Patient_Sex, Patient_DOB, Patient_Email, Patient_TeleNO) VALUES ("P11113","Bradley","Huff","M","02/09/1982","B.Huff@gmail.com","077 8014 1158");
INSERT INTO Patients(Patient_ID, Patient_FName, Patient_LName, Patient_Sex, Patient_DOB, Patient_Email, Patient_TeleNO) VALUES ("P11114","Delilah","Hopps","F","07/09/1986","D.Hoops@gmail.com","077 6252 8583");
INSERT INTO Patients(Patient_ID, Patient_FName, Patient_LName, Patient_Sex, Patient_DOB, Patient_Email, Patient_TeleNO) VALUES ("P11115","Evan","Peterson","M","10/02/1998","E.Peterson@gmail.com","079 3020 2078");
INSERT INTO Patients(Patient_ID, Patient_FName, Patient_LName, Patient_Sex, Patient_DOB, Patient_Email, Patient_TeleNO) VALUES ("P11117","Jennifer","Stevenson","F","12/03/1984","J.Stevenson@gmail.com","077 3949 5739");
INSERT INTO Patients(Patient_ID, Patient_FName, Patient_LName, Patient_Sex, Patient_DOB, Patient_Email, Patient_TeleNO) VALUES ("P11120","Tim","Stevenson","M","06/11/2023","T.Steveonson@gmail.com","070 4135 5712");
INSERT INTO Patients(Patient_ID, Patient_FName, Patient_LName, Patient_Sex, Patient_DOB, Patient_Email, Patient_TeleNO) VALUES ("P11122","Tabitha","Hall","F","01/11/2006","T.Hall@gmail.com","078 8089 8747");
INSERT INTO Patients(Patient_ID, Patient_FName, Patient_LName, Patient_Sex, Patient_DOB, Patient_Email, Patient_TeleNO) VALUES ("P11124","Obie","Crumbwell","M","12/05/1995","O.Crumbwell@gmail.com","070 0186 6018");
INSERT INTO Patients(Patient_ID, Patient_FName, Patient_LName, Patient_Sex, Patient_DOB, Patient_Email, Patient_TeleNO) VALUES ("P11125","Maddison","Jenkins","F","25/09/1968","M.Jenkins@gmail.com","077 1558 0442");
INSERT INTO Patients(Patient_ID, Patient_FName, Patient_LName, Patient_Sex, Patient_DOB, Patient_Email, Patient_TeleNO) VALUES ("P11126","Jemima","Beckett","F","02/06/1956","J.Beckett@gmail.com","079 7805 5356");
INSERT INTO Patients(Patient_ID, Patient_FName, Patient_LName, Patient_Sex, Patient_DOB, Patient_Email, Patient_TeleNO) VALUES ("P11127","Bob","Jackson","M","22/08/1980","B.Jackson@gmail.com","079 7773 4042");
INSERT INTO Patients(Patient_ID, Patient_FName, Patient_LName, Patient_Sex, Patient_DOB, Patient_Email, Patient_TeleNO) VALUES ("P11130","Alejandro","Morton","M","21/10/2007","A.Morton@gmail.com","078 0726 4562");
INSERT INTO Patients(Patient_ID, Patient_FName, Patient_LName, Patient_Sex, Patient_DOB, Patient_Email, Patient_TeleNO) VALUES ("P11131","Billy","Munoz","F","25/04/1984","B.Munoz@gmail.com","079 6076 9291");
INSERT INTO Patients(Patient_ID, Patient_FName, Patient_LName, Patient_Sex, Patient_DOB, Patient_Email, Patient_TeleNO) VALUES ("P11133","Ada","Curry","F","03/12/2003","A.Curry@gmail.com","078 8740 5488");
INSERT INTO Patients(Patient_ID, Patient_FName, Patient_LName, Patient_Sex, Patient_DOB, Patient_Email, Patient_TeleNO) VALUES ("P11135","Tammy","Grant","F","30/09/1981","T.Grant@gmail.com","078 2530 3641");
INSERT INTO Patients(Patient_ID, Patient_FName, Patient_LName, Patient_Sex, Patient_DOB, Patient_Email, Patient_TeleNO) VALUES ("P11136","Alonzo","Lee","M","11/06/1997","A.Lee@gmail.com","077 5702 3288");
INSERT INTO Patients(Patient_ID, Patient_FName, Patient_LName, Patient_Sex, Patient_DOB, Patient_Email, Patient_TeleNO) VALUES ("P11137","Traci","Mcgee","F","30/08/1989","T.Mcgee@gmail.com","079 0297 6473");
INSERT INTO Patients(Patient_ID, Patient_FName, Patient_LName, Patient_Sex, Patient_DOB, Patient_Email, Patient_TeleNO) VALUES ("P11138","Carmen","Horton","F","30/08/1989","C.Horton@gmail.com","077 4254 8956");
INSERT INTO Patients(Patient_ID, Patient_FName, Patient_LName, Patient_Sex, Patient_DOB, Patient_Email, Patient_TeleNO) VALUES ("P11139","Clifton","Malone","F","29/05/2000","C.Malone@gmail.com","079 8460 1967");
INSERT INTO Patients(Patient_ID, Patient_FName, Patient_LName, Patient_Sex, Patient_DOB, Patient_Email, Patient_TeleNO) VALUES ("P11141","Ping","Varney","F","28/10/1992","P.Varney@gmail.com","070 8366 7132");
INSERT INTO Patients(Patient_ID, Patient_FName, Patient_LName, Patient_Sex, Patient_DOB, Patient_Email, Patient_TeleNO) VALUES ("P11145","Nakisha","Marino","F","11/08/2023","N.Marino@gmail.com","079 7998 5632");
INSERT INTO Patients(Patient_ID, Patient_FName, Patient_LName, Patient_Sex, Patient_DOB, Patient_Email, Patient_TeleNO) VALUES ("P11146","Cathey","Madrigal","F","27/05/2018","C.Madrigal@gmail.com","070 0296 5857");
INSERT INTO Patients(Patient_ID, Patient_FName, Patient_LName, Patient_Sex, Patient_DOB, Patient_Email, Patient_TeleNO) VALUES ("P11147","Riva","Porterfield","F","15/10/1975","R.Porterfield@gmail.com","070 4548 3576");
INSERT INTO Patients(Patient_ID, Patient_FName, Patient_LName, Patient_Sex, Patient_DOB, Patient_Email, Patient_TeleNO) VALUES ("P11148","Liam","Whalen","M","21/08/2013","L.Whalen@gmail.com","078 7627 0074");
INSERT INTO Patients(Patient_ID, Patient_FName, Patient_LName, Patient_Sex, Patient_DOB, Patient_Email, Patient_TeleNO) VALUES ("P11149","Lavinia","Canty","F","04/09/2015","L.Canty@gmail.com","078 8032 6020");
INSERT INTO Patients(Patient_ID, Patient_FName, Patient_LName, Patient_Sex, Patient_DOB, Patient_Email, Patient_TeleNO) VALUES ("P11150","Sharen","Medrano","F","15/10/1959","S.Medrano@gmail.com","075 2353 2331");

INSERT INTO Appointments(Staff_ID, Patient_ID, App_Date, App_Time) VALUES ("H1116", "P11135", "29/04/24", "11:00");
INSERT INTO Appointments(Staff_ID, Patient_ID, App_Date, App_Time) VALUES ("H1116", "P11140", "29/04/24", "12:00");
INSERT INTO Appointments(Staff_ID, Patient_ID, App_Date, App_Time) VALUES ("H1116",	"P11111", "30/04/24", "13:00");
INSERT INTO Appointments(Staff_ID, Patient_ID, App_Date, App_Time) VALUES ("H1116",	"P11127", "01/05/24", "12:00");
INSERT INTO Appointments(Staff_ID, Patient_ID, App_Date, App_Time) VALUES ("H1116",	"P11132", "01/05/24", "14:00");
INSERT INTO Appointments(Staff_ID, Patient_ID, App_Date, App_Time) VALUES ("H1116",	"P11115", "02/05/24", "10:00");
INSERT INTO Appointments(Staff_ID, Patient_ID, App_Date, App_Time) VALUES ("H1118",	"P11119", "03/05/24", "10:00");
INSERT INTO Appointments(Staff_ID, Patient_ID, App_Date, App_Time) VALUES ("H1118",	"P11125", "29/04/24", "13:00");
INSERT INTO Appointments(Staff_ID, Patient_ID, App_Date, App_Time) VALUES ("H1118",	"P11126", "29/04/24", "14:00");
INSERT INTO Appointments(Staff_ID, Patient_ID, App_Date, App_Time) VALUES ("H1118",	"P11131", "30/04/24", "11:00");
INSERT INTO Appointments(Staff_ID, Patient_ID, App_Date, App_Time) VALUES ("H1118",	"P11133", "30/04/24", "12:00");
INSERT INTO Appointments(Staff_ID, Patient_ID, App_Date, App_Time) VALUES ("H1119",	"P11138", "29/04/24", "10:00");
INSERT INTO Appointments(Staff_ID, Patient_ID, App_Date, App_Time) VALUES ("H1119",	"P11112", "29/04/24", "11:00");
INSERT INTO Appointments(Staff_ID, Patient_ID, App_Date, App_Time) VALUES ("H1119",	"P11120", "30/04/24", "13:00");
INSERT INTO Appointments(Staff_ID, Patient_ID, App_Date, App_Time) VALUES ("H1119",	"P11137", "30/04/24", "15:00");
INSERT INTO Appointments(Staff_ID, Patient_ID, App_Date, App_Time) VALUES ("H1122",	"P11139", "29/04/24", "12:00");
INSERT INTO Appointments(Staff_ID, Patient_ID, App_Date, App_Time) VALUES ("H1122",	"P11142", "29/04/24", "13:00");
INSERT INTO Appointments(Staff_ID, Patient_ID, App_Date, App_Time) VALUES ("H1122",	"P11145", "29/04/24", "14:00");
INSERT INTO Appointments(Staff_ID, Patient_ID, App_Date, App_Time) VALUES ("H1122",	"P11143", "30/04/24", "12:00");
INSERT INTO Appointments(Staff_ID, Patient_ID, App_Date, App_Time) VALUES ("H1122",	"P11150", "30/04/24", "13:00");
INSERT INTO Appointments(Staff_ID, Patient_ID, App_Date, App_Time) VALUES ("H1122",	"P11113", "01/05/24", "10:00");
INSERT INTO Appointments(Staff_ID, Patient_ID, App_Date, App_Time) VALUES ("H1122",	"P11123", "01/05/24", "11:00");
INSERT INTO Appointments(Staff_ID, Patient_ID, App_Date, App_Time) VALUES ("H1122",	"P11151", "02/05/24", "10:00");

INSERT INTO Notes(Note_ID, Patient_ID, Note_Date, Note,Staff_ID) VALUES (1, "P11116", "01/01/24", "Devon has been expirencing regular headaches.","H1122");
INSERT INTO Notes(Note_ID, Patient_ID, Note_Date, Note,Staff_ID) VALUES (2, "P11116", "08/12/22", "Devon is often cold and expirences severe headaches.","H1119");
INSERT INTO Notes(Note_ID, Patient_ID, Note_Date, Note,Staff_ID) VALUES (3, "P11116", "18/01/21", "Diagnosed with Asthma","H1119");
INSERT INTO Notes(Note_ID, Patient_ID, Note_Date, Note,Staff_ID) VALUES (4, "P11127", "27/12/22", "Blood test results: Normal","H1116");
INSERT INTO Notes(Note_ID, Patient_ID, Note_Date, Note,Staff_ID) VALUES (5, "P11135", "22/09/23", "Has fainting spells","H1122");
INSERT INTO Notes(Note_ID, Patient_ID, Note_Date, Note,Staff_ID) VALUES (6, "P11120", "09/11/23", "Has unusual cough","H1118");
INSERT INTO Notes(Note_ID, Patient_ID, Note_Date, Note,Staff_ID) VALUES (7, "P11135", "13/04/22", "Sent for Blood tests","H1118");
INSERT INTO Notes(Note_ID, Patient_ID, Note_Date, Note,Staff_ID) VALUES (8, "P11119", "29/6/21",	"Diagnosed with anxiety","H1122");
INSERT INTO Notes(Note_ID, Patient_ID, Note_Date, Note,Staff_ID) VALUES (9, "P11150", "29/10/23", "Expirencing side affects from medication. Increased depression.","H1118");
INSERT INTO Notes(Note_ID, Patient_ID, Note_Date, Note,Staff_ID) VALUES (10, "P11119", "10/01/22", "Refferred to CAHMS","H1122");
INSERT INTO Notes(Note_ID, Patient_ID, Note_Date, Note,Staff_ID) VALUES (11, "P11130", "13/04/22", "Mother states he regularly has a hard time spelling and reading while eyesight is perfect.","H1116");
INSERT INTO Notes(Note_ID, Patient_ID, Note_Date, Note,Staff_ID) VALUES (12,	"P11150", "15/03/21", "Low BMI","H1122");
INSERT INTO Notes(Note_ID, Patient_ID, Note_Date, Note,Staff_ID) VALUES (13,	"P11113", "30/01/20", "Smoker","H1118");